"source","target","pcor","pval"
"Metabolite8","Metabolite16",-0.0268710489975036,0.0197024483336605
"Metabolite7","Metabolite14",-0.0268412184950223,0.0198391094569947
"Metabolite6","Metabolite10",-0.0266788769678869,0.0205974354285106
"Metabolite5","Metabolite6",0.0233818741039111,0.0424507112949359
"Metabolite3","Metabolite8",0.0227931050568405,0.047932350060425
