"source","target","pcor","qval"
3,15,-0.0161061481718002,0.235275516702525
6,16,-0.0157621712709166,0.235275516702525
3,20,-0.0149424792361185,0.235275516702525
4,12,-0.0145177731990028,0.235275516702525
11,13,0.0142682911560612,0.235275516702525
